experience,test_score(10),interview_score,salary
20,10.0,8,110095.3420669578
12,10.0,10,92002.18340611353
11,7.0,8,80000.0
10,8.0,7,72000.0
7,9.0,6,70000.0
4,10.0,10,69498.54439592431
2,10.0,10,65000.0
3,7.0,10,62000.0
5,6.0,7,60000.0
2,9.0,6,53205.96797671034
0,8.0,9,50000.0
0,8.0,6,45000.0
